duplicate_type,key,count
URL,https://gadgets.ndtv.com/apple-ipad-air-2-wi-fi-cellular-2065,9
URL,https://gadgets.ndtv.com/apple-ipad-mini-with-retina-display-wi-fi-cellular-1422,9
URL,https://gadgets.ndtv.com/apple-ipad-air-wi-fi-cellular-1418,8
URL,https://gadgets.ndtv.com/apple-ipad-pro-wi-fi-cellular-2954,8
URL,https://gadgets.ndtv.com/apple-ipad-mini-4-wi-fi-cellular-2957,6
URL,https://gadgets.ndtv.com/apple-ipad-10-2-inch-wi-fi-price-in-india-91113,6
URL,https://gadgets.ndtv.com/apple-ipad-mini-3-wi-fi-cellular-2067,5
URL,https://gadgets.ndtv.com/apple-ipad-10-2-inch-wi-fi-plus-cellular-price-in-india-91114,5
URL,https://gadgets.ndtv.com/micromax-canvas-tab-p701-3535,4
URL,https://gadgets.ndtv.com/lenovo-yoga-book-windows-3739,4
URL,https://gadgets.ndtv.com/apple-ipad-4th-generation-wi-fi-cellular-1416,4
URL,https://gadgets.ndtv.com/iball-slide-3g-q45-2617,4
URL,https://gadgets.ndtv.com/apple-ipad-pro-11-inch-2018-wi-fi-5718,4
URL,https://gadgets.ndtv.com/iball-slide-q27-4g-3833,3
URL,https://gadgets.ndtv.com/micromax-canvas-tab-p702-3354,3
URL,https://gadgets.ndtv.com/lenovo-yoga-tab-3-pro-2923,3
URL,https://gadgets.ndtv.com/iball-slide-brace-x1-mini-3026,3
URL,https://gadgets.ndtv.com/micromax-canvas-tab-p666-2172,3
URL,https://gadgets.ndtv.com/samsung-galaxy-tab-s2-9-7-2797,3
URL,https://gadgets.ndtv.com/apple-ipad-pro-12-9-inch-2018-wi-fi-cellular-5717,3
URL,https://gadgets.ndtv.com/apple-ipad-pro-11-inch-2018-wi-fi-cellular-5719,3
URL,https://gadgets.ndtv.com/microsoft-surface-go-5541,3
URL,https://gadgets.ndtv.com/apple-ipad-mini-2019-wi-fi-cellular-12964,3
URL,https://gadgets.ndtv.com/lenovo-m10-5613,3
URL,https://gadgets.ndtv.com/swipe-slice-1789,2
URL,https://gadgets.ndtv.com/iball-slide-3g-9017-d50-2098,2
URL,https://gadgets.ndtv.com/micromax-canvas-tab-p470-2226,2
URL,https://gadgets.ndtv.com/iball-3g-7271-hd70-1468,2
URL,https://gadgets.ndtv.com/swipe-ace-2900,2
URL,https://gadgets.ndtv.com/lenovo-idea-tab-a1000-1471,2
URL,https://gadgets.ndtv.com/swipe-slate-pro-2017-4486,2
URL,https://gadgets.ndtv.com/alcatel-pop-4-10-inch-3760,2
URL,https://gadgets.ndtv.com/samsung-galaxy-tab-a-10-1-2016-with-s-pen-3775,2
URL,https://gadgets.ndtv.com/samsung-galaxy-tab-a-10-5-lte-5578,2
URL,https://gadgets.ndtv.com/iball-slide-3g-q45i-3255,2
URL,https://gadgets.ndtv.com/intex-i-buddy-in-7dd01-3636,2
URL,https://gadgets.ndtv.com/samsung-galaxy-tab4-7-0-3g-1444,2
URL,https://gadgets.ndtv.com/samsung-galaxy-tab-3-v-2516,2
URL,https://gadgets.ndtv.com/huawei-mediapad-t3-4118,2
URL,https://gadgets.ndtv.com/asus-google-nexus-7-3g-1479,2
URL,https://gadgets.ndtv.com/samsung-galaxy-tab-s3-lte-4028,2
URL,https://gadgets.ndtv.com/samsung-galaxy-tab3-211-1403,2
URL,https://gadgets.ndtv.com/micromax-canvas-tab-p681-3784,2
URL,https://gadgets.ndtv.com/micromax-canvas-plex-tab-4348,2
URL,https://gadgets.ndtv.com/iball-slide-3g-q81-3229,2
URL,https://gadgets.ndtv.com/iball-slide-3g-i80-2614,2
URL,https://gadgets.ndtv.com/samsung-galaxy-tab4-8-0-1668,2
URL,https://gadgets.ndtv.com/lenovo-tab-4-8-plus-4039,2
URL,https://gadgets.ndtv.com/hp-7-plus-1612,2
URL,https://gadgets.ndtv.com/lenovo-tab-4-10-plus-4040,2
URL,https://gadgets.ndtv.com/lenovo-tab-2-a7-30-2281,2
URL,https://gadgets.ndtv.com/micromax-funbook-p255-1433,2
URL,https://gadgets.ndtv.com/micromax-funbook-p280-1432,2
URL,https://gadgets.ndtv.com/honor-pad-5-8-inch-price-in-india-13123,2
URL,https://gadgets.ndtv.com/alcatel-a3-10-wi-fi-4613,2
URL,https://gadgets.ndtv.com/honor-pad-5-10-1-inch-price-in-india-13124,2
URL,https://gadgets.ndtv.com/google-pixel-slate-5682,2
URL,https://gadgets.ndtv.com/huawei-matepad-t8-price-in-india-92637,2
URL,https://gadgets.ndtv.com/lenovo-p10-5614,2
canonical_product,b3958f141927761f,4
canonical_product,b98c6c226fced096,3
canonical_product,ffb33ff58f639dd6,3
canonical_product,4556c76d289857ca,3
canonical_product,5da2669265b059e3,3
canonical_product,166f7baaa6e383c9,3
canonical_product,cbff58b5dcb59959,3
canonical_product,454a406d340f088d,3
canonical_product,2100765fe4066370,3
canonical_product,6ecd6c9331ef3191,3
canonical_product,fb837477222fbadb,3
canonical_product,6340123dbe652b97,3
canonical_product,f4d941e76d9abfad,3
canonical_product,b4b723aa6684ab91,3
canonical_product,42c576d62b50ca52,3
canonical_product,a782b8fcbf5bc811,2
canonical_product,a8347673cd155141,2
canonical_product,aa4439b711aec07d,2
canonical_product,44d5e5b17d528dd5,2
canonical_product,0efa9bea7a8d7724,2
canonical_product,8c95174f077d5113,2
canonical_product,311267c4f50b8139,2
canonical_product,558121684be0496c,2
canonical_product,a33bd25d6b336f59,2
canonical_product,ef96ed392d1b86a5,2
canonical_product,271622bea3e5d0ef,2
canonical_product,09d256d2165db5ac,2
canonical_product,85fd7caf927bbb7b,2
canonical_product,70dd6f46a5a1fe93,2
canonical_product,3ca8fdc96f9e9602,2
canonical_product,30e3cc560c380eb5,2
canonical_product,3cb401b58427d12c,2
canonical_product,03630bb8a63691bb,2
canonical_product,ff45e13d1f16f36d,2
canonical_product,2471c15d977be279,2
canonical_product,b7819d27bc4ee5d6,2
canonical_product,4f98140d6ba239bf,2
canonical_product,0e18191b8a5266ab,2
canonical_product,be40c710eb059b61,2
canonical_product,a58b0e652066755b,2
canonical_product,b21296277ab2d139,2
canonical_product,1853efece5b896b2,2
canonical_product,a7dfb13053c730a4,2
canonical_product,e5fc5269ea96f45f,2
canonical_product,828e6c2b6007a7ab,2
canonical_product,6ef4ddf68cced7b9,2
canonical_product,f835cbd8ff8181a1,2
canonical_product,bf96b9542b698f04,2
canonical_product,5a5ecc8b7e93233a,2
canonical_product,ef8fb3477741794f,2
canonical_product,7014057404e5a404,2
canonical_product,98ab7ca9047c53b4,2
canonical_product,6fa7e4528d5db91f,2
canonical_product,1e8a969d52c3cc82,2
canonical_product,09f07e5a357c2f25,2
canonical_product,1bc2cdebfbc8c949,2
canonical_product,af9bfa51a719d35a,2
canonical_product,04f4edce8621a336,2
canonical_product,c069e8234d3c3d32,2
canonical_product,94f058fbf7721fc9,2
canonical_product,aeabaa6d60c1b117,2
canonical_product,f8d0416aef4fb976,2
canonical_product,c7405cd0c93af417,2
canonical_product,e73203ef7b3283d9,2
canonical_product,58cef9fc3bc98c19,2
canonical_product,5bdd674950d477bd,2
